{
    "axis_x": {
        "times": [
            0,
            0,
            0,
            1546686060.468858,
            1546686060.520832,
            1546686060.548846,
            1546686060.657992,
            1546686060.769468,
            1546686060.878277,
            1546686060.987384,
            0,
            0,
            0,
            0,
            0,
            0,
            0,
            0,
            0,
            0,
            1546686257.80965,
            1546686257.858252,
            1546686257.905476,
            1546686257.950869,
            1546686257.998395,
            1546686258.046487,
            1546686258.093603,
            1546686258.141772,
            1546686258.189989,
            1546686258.217548,
            0,
            0,
            0,
            0,
            0,
            0,
            0,
            0,
            0,
            0,
            1546686284.983974,
            1546686285.031975,
            1546686285.077897,
            1546686285.125193,
            1546686285.171673,
            1546686285.219393,
            1546686285.26661,
            1546686285.313683,
            1546686285.360952,
            1546686285.388845,
            0,
            0,
            0,
            0,
            0,
            0,
            0,
            0,
            0,
            0
        ],
        "values": [
            0,
            0,
            0,
            -16,
            -192,
            -96,
            -144,
            144,
            240,
            -144,
            0,
            0,
            0,
            0,
            0,
            0,
            0,
            0,
            0,
            0,
            16,
            -96,
            160,
            -224,
            64,
            -32,
            32,
            -80,
            192,
            -112,
            0,
            0,
            0,
            0,
            0,
            0,
            0,
            0,
            0,
            0,
            -224,
            240,
            80,
            -208,
            288, 
            -208,
            -208,
            -128,
            -80,
            -112,
            0,
            0,
            0,
            0,
            0,
            0,
            0,
            0,
            0,
            0
        ]
    },
    "axis_y": {
        "times": [
            0,
            0,
            0,
            1546686060.471312,
            1546686060.522078,
            1546686060.550087,
            1546686060.659196,
            1546686060.770652,
            1546686060.879961,
            1546686060.98884,
            0,
            0,
            0,
            0,
            0,
            0,
            0,
            0,
            0,
            0,
            1546686257.810824,
            1546686257.859417,
            1546686257.906652,
            1546686257.952369,
            1546686257.999566,
            1546686258.047946,
            1546686258.094775,
            1546686258.143008,
            1546686258.191164,
            1546686258.218725,
            0,
            0,
            0,
            0,
            0,
            0,
            0,
            0,
            0,
            0,
            1546686284.985256,
            1546686285.033484,
            1546686285.079066,
            1546686285.126365,
            1546686285.172915,
            1546686285.221009,
            1546686285.267783,
            1546686285.314851,
            1546686285.362123,
            1546686285.390079,
            0,
            0,
            0,
            0,
            0,
            0,
            0,
            0,
            0,
            0
        ],
        "values": [
            0,
            0,
            0,
            240,
            208,
            -16,
            -224,
            288,
            -112,
            -80,
            0,
            0,
            0,
            0,
            0,
            0,
            0,
            0,
            0,
            0,
            -112,
            608,
            208,
            64,
            -240,
            144,
            112,
            80,
            -16,
            128,
            0,
            0,
            0,
            0,
            0,
            0,
            0,
            0,
            0,
            0,
            -112,
            432,
            96,
            240,
            224,
            400,
            240,
            -80,
            160,
            -208,
            0,
            0,
            0,
            0,
            0,
            0,
            0,
            0,
            0,
            0
        ]
    },
    "axis_z": {
        "times": [
            0,
            0,
            0,
            1546686060.473287,
            1546686060.523261,
            1546686060.551279,
            1546686060.660722,
            1546686060.771837,
            1546686060.881903,
            1546686060.99008,
            0,
            0,
            0,
            0,
            0,
            0,
            0,
            0,
            0,
            0,
            1546686257.812349,
            1546686257.860594,
            1546686257.907841,
            1546686257.953547,
            1546686258.001118,
            1546686258.049206,
            1546686258.096006,
            1546686258.144615,
            1546686258.192717,
            1546686258.219917,
            0,
            0,
            0,
            0,
            0,
            0,
            0,
            0,
            0,
            0,
            1546686284.986426,
            1546686285.034665,
            1546686285.080633,
            1546686285.127528,
            1546686285.174085,
            1546686285.222243,
            1546686285.269356,
            1546686285.316359,
            1546686285.363358,
            1546686285.391243,
            0,
            0,
            0,
            0,
            0,
            0,
            0,
            0,
            0,
            0
        ],
        "values": [
            0,
            0,
            0,
            464,
            608,
            704,
            880,
            1104,
            640,
            560,
            0,
            0,
            0,
            0,
            0,
            0,
            0,
            0,
            0,
            0,
            128,
            16,
            624,
            384,
            384,
            800,
            1056,
            816,
            544,
            704,
            0,
            0,
            0,
            0,
            0,
            0,
            0,
            0,
            0,
            0,
            464,
            1056,
            720,
            448,
            416,
            976,
            112,
            272,
            208,
            224,
            0,
            0,
            0,
            0,
            0,
            0,
            0,
            0,
            0,
            0
        ]
    }
}
