{
    "axis_x": {
        "times": [
            0, 
            0, 
            0, 
            1546686060.488341, 
            1546686060.537526, 
            1546686060.586479, 
            1546686060.695218, 
            1546686060.807152, 
            1546686060.914749, 
            1546686061.023437, 
            0, 
            0, 
            0, 
            0, 
            0, 
            0, 
            0, 
            0, 
            0, 
            0, 
            1546686257.778572, 
            1546686257.825599, 
            1546686257.873177, 
            1546686257.920934, 
            1546686257.966786, 
            1546686258.014348, 
            1546686258.061651, 
            1546686258.109196, 
            1546686258.158057, 
            1546686258.20628, 
            0, 
            0, 
            0, 
            0, 
            0, 
            0, 
            0, 
            0, 
            0, 
            0, 
            1546686284.951935, 
            1546686284.999353, 
            1546686285.04713, 
            1546686285.093522, 
            1546686285.139839, 
            1546686285.187895, 
            1546686285.235335, 
            1546686285.282501, 
            1546686285.329431, 
            1546686285.376789, 
            0, 
            0, 
            0, 
            0, 
            0, 
            0, 
            0, 
            0, 
            0, 
            0
        ], 
        "values": [
            0, 
            0, 
            0, 
            96, 
            496, 
            208, 
            64, 
            -256, 
            64, 
            16, 
            0, 
            0, 
            0, 
            0, 
            0, 
            0, 
            0, 
            0, 
            0, 
            0, 
            480, 
            224, 
            400, 
            192, 
            144, 
            112, 
            256, 
            0, 
            368, 
            416, 
            0, 
            0, 
            0, 
            0, 
            0, 
            0, 
            0, 
            0, 
            0, 
            0, 
            480, 
            176, 
            256, 
            464, 
            192, 
            96, 
            256, 
            288, 
            208, 
            32, 
            0, 
            0, 
            0, 
            0, 
            0, 
            0, 
            0, 
            0, 
            0, 
            0
        ]
    }, 
    "axis_y": {
        "times": [
            0, 
            0, 
            0, 
            1546686060.490074, 
            1546686060.538703, 
            1546686060.587648, 
            1546686060.696749, 
            1546686060.808356, 
            1546686060.915935, 
            1546686061.024636, 
            0, 
            0, 
            0, 
            0, 
            0, 
            0, 
            0, 
            0, 
            0, 
            0, 
            1546686257.779765, 
            1546686257.826768, 
            1546686257.874405, 
            1546686257.922121, 
            1546686257.967956, 
            1546686258.01552, 
            1546686258.062824, 
            1546686258.110374, 
            1546686258.159229, 
            1546686258.207696, 
            0, 
            0, 
            0, 
            0, 
            0, 
            0, 
            0, 
            0, 
            0, 
            0, 
            1546686284.953196, 
            1546686285.000828, 
            1546686285.04831, 
            1546686285.094695, 
            1546686285.141447, 
            1546686285.189458, 
            1546686285.236857, 
            1546686285.283734, 
            1546686285.330612, 
            1546686285.378021, 
            0, 
            0, 
            0, 
            0, 
            0, 
            0, 
            0, 
            0, 
            0, 
            0
        ], 
        "values": [
            0, 
            0, 
            0, 
            64, 
            112, 
            96, 
            16, 
            112, 
            304, 
            80, 
            0, 
            0, 
            0, 
            0, 
            0, 
            0, 
            0, 
            0, 
            0, 
            0, 
            -80, 
            224, 
            496, 
            96, 
            144, 
            208, 
            192, 
            32, 
            -80, 
            -16, 
            0, 
            0, 
            0, 
            0, 
            0, 
            0, 
            0, 
            0, 
            0, 
            0, 
            -96, 
            176, 
            144, 
            -16, 
            48, 
            240, 
            128, 
            128, 
            48, 
            128, 
            0, 
            0, 
            0, 
            0, 
            0, 
            0, 
            0, 
            0, 
            0, 
            0
        ]
    }, 
    "axis_z": {
        "times": [
            0, 
            0, 
            0, 
            1546686060.491309, 
            1546686060.539925, 
            1546686060.588875, 
            1546686060.697992, 
            1546686060.80955, 
            1546686060.917443, 
            1546686061.025827, 
            0, 
            0, 
            0, 
            0, 
            0, 
            0, 
            0, 
            0, 
            0, 
            0, 
            1546686257.781418, 
            1546686257.828341, 
            1546686257.875821, 
            1546686257.923305, 
            1546686257.969453, 
            1546686258.017071, 
            1546686258.064345, 
            1546686258.11154, 
            1546686258.160719, 
            1546686258.208948, 
            0, 
            0, 
            0, 
            0, 
            0, 
            0, 
            0, 
            0, 
            0, 
            0, 
            1546686284.954367, 
            1546686285.002118, 
            1546686285.049548, 
            1546686285.095927, 
            1546686285.142622, 
            1546686285.190635, 
            1546686285.238088, 
            1546686285.28492, 
            1546686285.33209, 
            1546686285.379198, 
            0, 
            0, 
            0, 
            0, 
            0, 
            0, 
            0, 
            0, 
            0, 
            0
        ], 
        "values": [
            0, 
            0, 
            0, 
            464, 
            608, 
            720, 
            528, 
            640, 
            624, 
            -112, 
            0, 
            0, 
            0, 
            0, 
            0, 
            0, 
            0, 
            0, 
            0, 
            0, 
            480, 
            -208, 
            672, 
            512, 
            192, 
            272, 
            400, 
            336, 
            48, 
            272, 
            0, 
            0, 
            0, 
            0, 
            0, 
            0, 
            0, 
            0, 
            0, 
            0, 
            400, 
            128, 
            416, 
            112, 
            144, 
            304, 
            256, 
            528, 
            320, 
            240, 
            0, 
            0, 
            0, 
            0, 
            0, 
            0, 
            0, 
            0, 
            0, 
            0
        ]
    }
}