{
    "axis_x": {
        "times": [
            0, 
            0, 
            0, 
            1546686060.476698, 
            1546686060.526335, 
            1546686060.561434, 
            1546686060.670409, 
            1546686060.782727, 
            1546686060.891118, 
            1546686060.999531, 
            0, 
            0, 
            0, 
            0, 
            0, 
            0, 
            0, 
            0, 
            0, 
            0, 
            1546686257.767851, 
            1546686257.814854, 
            1546686257.863076, 
            1546686257.910302, 
            1546686257.956364, 
            1546686258.003963, 
            1546686258.051717, 
            1546686258.098801, 
            1546686258.147128, 
            1546686258.195227, 
            0, 
            0, 
            0, 
            0, 
            0, 
            0, 
            0, 
            0, 
            0, 
            0, 
            1546686284.941518, 
            1546686284.988931, 
            1546686285.037187, 
            1546686285.083143, 
            1546686285.129862, 
            1546686285.17718, 
            1546686285.224945, 
            1546686285.271875, 
            1546686285.318879, 
            1546686285.365756, 
            0, 
            0, 
            0, 
            0, 
            0, 
            0, 
            0, 
            0, 
            0, 
            0
        ], 
        "values": [
            0, 
            0, 
            0, 
            272, 
            80, 
            48, 
            256, 
            224, 
            128, 
            208, 
            0, 
            0, 
            0, 
            0, 
            0, 
            0, 
            0, 
            0, 
            0, 
            0, 
            416, 
            368, 
            192, 
            224, 
            240, 
            496, 
            128, 
            80, 
            224, 
            144, 
            0, 
            0, 
            0, 
            0, 
            0, 
            0, 
            0, 
            0, 
            0, 
            0, 
            272, 
            80, 
            384, 
            176, 
            -16, 
            48, 
            336, 
            192, 
            384, 
            320, 
            0, 
            0, 
            0, 
            0, 
            0, 
            0, 
            0, 
            0, 
            0, 
            0
        ]
    }, 
    "axis_y": {
        "times": [
            0, 
            0, 
            0, 
            1546686060.478277, 
            1546686060.52782, 
            1546686060.562623, 
            1546686060.671604, 
            1546686060.783914, 
            1546686060.892323, 
            1546686061.000863, 
            0, 
            0, 
            0, 
            0, 
            0, 
            0, 
            0, 
            0, 
            0, 
            0, 
            1546686257.769529, 
            1546686257.816393, 
            1546686257.864317, 
            1546686257.911485, 
            1546686257.957906, 
            1546686258.005706, 
            1546686258.052904, 
            1546686258.099972, 
            1546686258.148657, 
            1546686258.19673, 
            0, 
            0, 
            0, 
            0, 
            0, 
            0, 
            0, 
            0, 
            0, 
            0, 
            1546686284.942693, 
            1546686284.990102, 
            1546686285.038361, 
            1546686285.084385, 
            1546686285.131101, 
            1546686285.178478, 
            1546686285.226127, 
            1546686285.273467, 
            1546686285.320372, 
            1546686285.36693, 
            0, 
            0, 
            0, 
            0, 
            0, 
            0, 
            0, 
            0, 
            0, 
            0
        ], 
        "values": [
            0, 
            0, 
            0, 
            176, 
            -432, 
            -240, 
            -32, 
            -480, 
            -16, 
            -16, 
            0, 
            0, 
            0, 
            0, 
            0, 
            0, 
            0, 
            0, 
            0, 
            0, 
            -32, 
            -192, 
            144, 
            -96, 
            -464, 
            -208, 
            -32, 
            -112, 
            240, 
            240, 
            0, 
            0, 
            0, 
            0, 
            0, 
            0, 
            0, 
            0, 
            0, 
            0, 
            -48, 
            192, 
            0, 
            -16, 
            160, 
            -128, 
            -240, 
            -256, 
            -336, 
            -160, 
            0, 
            0, 
            0, 
            0, 
            0, 
            0, 
            0, 
            0, 
            0, 
            0
        ]
    }, 
    "axis_z": {
        "times": [
            0, 
            0, 
            0, 
            1546686060.479522, 
            1546686060.529458, 
            1546686060.563805, 
            1546686060.673146, 
            1546686060.785439, 
            1546686060.893518, 
            1546686061.00205, 
            0, 
            0, 
            0, 
            0, 
            0, 
            0, 
            0, 
            0, 
            0, 
            0, 
            1546686257.77071, 
            1546686257.817579, 
            1546686257.8655, 
            1546686257.913021, 
            1546686257.959081, 
            1546686258.00689, 
            1546686258.054082, 
            1546686258.101473, 
            1546686258.149837, 
            1546686258.19797, 
            0, 
            0, 
            0, 
            0, 
            0, 
            0, 
            0, 
            0, 
            0, 
            0, 
            1546686284.9439, 
            1546686284.991347, 
            1546686285.03954, 
            1546686285.08557, 
            1546686285.132634, 
            1546686285.179938, 
            1546686285.227313, 
            1546686285.274647, 
            1546686285.321568, 
            1546686285.368394, 
            0, 
            0, 
            0, 
            0, 
            0, 
            0, 
            0, 
            0, 
            0, 
            0
        ], 
        "values": [
            0, 
            0, 
            0, 
            864, 
            800, 
            1232, 
            624, 
            720, 
            992, 
            1184, 
            0, 
            0, 
            0, 
            0, 
            0, 
            0, 
            0, 
            0, 
            0, 
            0, 
            1216, 
            880, 
            960, 
            1264, 
            704, 
            960, 
            544, 
            816, 
            1120, 
            976, 
            0, 
            0, 
            0, 
            0, 
            0, 
            0, 
            0, 
            0, 
            0, 
            0, 
            544, 
            768, 
            784, 
            928, 
            1296, 
            944, 
            960, 
            512, 
            576, 
            1088, 
            0, 
            0, 
            0, 
            0, 
            0, 
            0, 
            0, 
            0, 
            0, 
            0
        ]
    }
}