{
    "axis_x": {
        "times": [
            0, 
            0, 
            0, 
            1546686060.482783, 
            1546686060.531986, 
            1546686060.573471, 
            1546686060.682717, 
            1546686060.794786, 
            1546686060.902953, 
            1546686061.01121, 
            0, 
            0, 
            0, 
            0, 
            0, 
            0, 
            0, 
            0, 
            0, 
            0, 
            1546686257.773216, 
            1546686257.820389, 
            1546686257.867813, 
            1546686257.915567, 
            1546686257.961604, 
            1546686258.009496, 
            1546686258.056725, 
            1546686258.103968, 
            1546686258.153086, 
            1546686258.200824, 
            0, 
            0, 
            0, 
            0, 
            0, 
            0, 
            0, 
            0, 
            0, 
            0, 
            1546686284.946368, 
            1546686284.994064, 
            1546686285.041868, 
            1546686285.087891, 
            1546686285.135149, 
            1546686285.182699, 
            1546686285.230018, 
            1546686285.277531, 
            1546686285.32439, 
            1546686285.370899, 
            0, 
            0, 
            0, 
            0, 
            0, 
            0, 
            0, 
            0, 
            0, 
            0
        ], 
        "values": [
            0, 
            0, 
            0, 
            240, 
            256, 
            80, 
            240, 
            176, 
            160, 
            80, 
            0, 
            0, 
            0, 
            0, 
            0, 
            0, 
            0, 
            0, 
            0, 
            0, 
            128, 
            144, 
            224, 
            32, 
            320, 
            256, 
            208, 
            192, 
            144, 
            32, 
            0, 
            0, 
            0, 
            0, 
            0, 
            0, 
            0, 
            0, 
            0, 
            0, 
            272, 
            48, 
            112, 
            224, 
            112, 
            176, 
            32, 
            416, 
            144, 
            208, 
            0, 
            0, 
            0, 
            0, 
            0, 
            0, 
            0, 
            0, 
            0, 
            0
        ]
    }, 
    "axis_y": {
        "times": [
            0, 
            0, 
            0, 
            1546686060.483969, 
            1546686060.533764, 
            1546686060.57466, 
            1546686060.683933, 
            1546686060.79597, 
            1546686060.904249, 
            1546686061.012766, 
            0, 
            0, 
            0, 
            0, 
            0, 
            0, 
            0, 
            0, 
            0, 
            0, 
            1546686257.77439, 
            1546686257.821569, 
            1546686257.869393, 
            1546686257.917194, 
            1546686257.96278, 
            1546686258.010671, 
            1546686258.05796, 
            1546686258.105477, 
            1546686258.154328, 
            1546686258.20209, 
            0, 
            0, 
            0, 
            0, 
            0, 
            0, 
            0, 
            0, 
            0, 
            0, 
            1546686284.947539, 
            1546686284.995248, 
            1546686285.043041, 
            1546686285.089392, 
            1546686285.136342, 
            1546686285.183874, 
            1546686285.231206, 
            1546686285.278703, 
            1546686285.325575, 
            1546686285.372381, 
            0, 
            0, 
            0, 
            0, 
            0, 
            0, 
            0, 
            0, 
            0, 
            0
        ], 
        "values": [
            0, 
            0, 
            0, 
            -144, 
            48, 
            -16, 
            64, 
            192, 
            112, 
            -32, 
            0, 
            0, 
            0, 
            0, 
            0, 
            0, 
            0, 
            0, 
            0, 
            0, 
            -16, 
            0, 
            144, 
            464, 
            -80, 
            -160, 
            -16, 
            128, 
            32, 
            208, 
            0, 
            0, 
            0, 
            0, 
            0, 
            0, 
            0, 
            0, 
            0, 
            0, 
            208, 
            128, 
            -208, 
            224, 
            160, 
            144, 
            -16, 
            -48, 
            144, 
            -80, 
            0, 
            0, 
            0, 
            0, 
            0, 
            0, 
            0, 
            0, 
            0, 
            0
        ]
    }, 
    "axis_z": {
        "times": [
            0, 
            0, 
            0, 
            1546686060.485775, 
            1546686060.535011, 
            1546686060.575889, 
            1546686060.685438, 
            1546686060.797465, 
            1546686060.905441, 
            1546686061.014006, 
            0, 
            0, 
            0, 
            0, 
            0, 
            0, 
            0, 
            0, 
            0, 
            0, 
            1546686257.775804, 
            1546686257.822737, 
            1546686257.87057, 
            1546686257.918433, 
            1546686257.963965, 
            1546686258.011856, 
            1546686258.059129, 
            1546686258.106657, 
            1546686258.155551, 
            1546686258.203277, 
            0, 
            0, 
            0, 
            0, 
            0, 
            0, 
            0, 
            0, 
            0, 
            0, 
            1546686284.949097, 
            1546686284.996584, 
            1546686285.04462, 
            1546686285.090575, 
            1546686285.137529, 
            1546686285.185393, 
            1546686285.232783, 
            1546686285.279889, 
            1546686285.326753, 
            1546686285.373559, 
            0, 
            0, 
            0, 
            0, 
            0, 
            0, 
            0, 
            0, 
            0, 
            0
        ], 
        "values": [
            0, 
            0, 
            0, 
            1072, 
            1120, 
            1136, 
            1248, 
            912, 
            1424, 
            960, 
            0, 
            0, 
            0, 
            0, 
            0, 
            0, 
            0, 
            0, 
            0, 
            0, 
            1088, 
            1168, 
            1120, 
            1296, 
            1472, 
            1136, 
            1488, 
            1328, 
            1040, 
            1056, 
            0, 
            0, 
            0, 
            0, 
            0, 
            0, 
            0, 
            0, 
            0, 
            0, 
            1152, 
            832, 
            912, 
            928, 
            1360, 
            1024, 
            1296, 
            1376, 
            1232, 
            1040, 
            0, 
            0, 
            0, 
            0, 
            0, 
            0, 
            0, 
            0, 
            0, 
            0
        ]
    }
}