{
    "axis_x": {
        "times": [
            0, 
            0, 
            0, 
            0, 
            1546686060.494286, 
            1546686060.542405, 
            1546686060.598276, 
            1546686060.707306, 
            1546686060.818781, 
            1546686060.926996, 
            0, 
            0, 
            0, 
            0, 
            0, 
            0, 
            0, 
            0, 
            0, 
            0, 
            1546686257.783905, 
            1546686257.830865, 
            1546686257.878594, 
            1546686257.925962, 
            1546686257.97195, 
            1546686258.019623, 
            1546686258.066866, 
            1546686258.113861, 
            1546686258.163272, 
            1546686258.211684, 
            0, 
            0, 
            0, 
            0, 
            0, 
            0, 
            0, 
            0, 
            0, 
            0, 
            1546686284.956909, 
            1546686285.004856, 
            1546686285.051863, 
            1546686285.098535, 
            1546686285.145188, 
            1546686285.193528, 
            1546686285.240837, 
            1546686285.287267, 
            1546686285.334835, 
            1546686285.382238, 
            0, 
            0, 
            0, 
            0, 
            0, 
            0, 
            0, 
            0, 
            0, 
            0
        ], 
        "values": [
            0, 
            0, 
            0, 
            0, 
            -32, 
            -160, 
            -80, 
            -80, 
            -32, 
            -240, 
            0, 
            0, 
            0, 
            0, 
            0, 
            0, 
            0, 
            0, 
            0, 
            0, 
            240, 
            -192, 
            -128, 
            64, 
            -512, 
            -96, 
            -112, 
            -144, 
            -224, 
            -48, 
            0, 
            0, 
            0, 
            0, 
            0, 
            0, 
            0, 
            0, 
            0, 
            0, 
            -80, 
            32, 
            -144, 
            -80, 
            -240, 
            48, 
            -304, 
            -64, 
            -80, 
            -48, 
            0, 
            0, 
            0, 
            0, 
            0, 
            0, 
            0, 
            0, 
            0, 
            0
        ]
    }, 
    "axis_y": {
        "times": [
            0, 
            0, 
            0, 
            0, 
            1546686060.495704, 
            1546686060.543581, 
            1546686060.599779, 
            1546686060.708809, 
            1546686060.819965, 
            1546686060.928268, 
            0, 
            0, 
            0, 
            0, 
            0, 
            0, 
            0, 
            0, 
            0, 
            0, 
            1546686257.785465, 
            1546686257.832405, 
            1546686257.879792, 
            1546686257.927135, 
            1546686257.973768, 
            1546686258.02119, 
            1546686258.068365, 
            1546686258.115034, 
            1546686258.16484, 
            1546686258.212917, 
            0, 
            0, 
            0, 
            0, 
            0, 
            0, 
            0, 
            0, 
            0, 
            0, 
            1546686284.958099, 
            1546686285.0061, 
            1546686285.053397, 
            1546686285.099815, 
            1546686285.146362, 
            1546686285.194706, 
            1546686285.242079, 
            1546686285.288753, 
            1546686285.336004, 
            1546686285.383656, 
            0, 
            0, 
            0, 
            0, 
            0, 
            0, 
            0, 
            0, 
            0, 
            0
        ], 
        "values": [
            0, 
            0, 
            0, 
            0, 
            240, 
            496, 
            -80, 
            -400, 
            -128, 
            -144, 
            0, 
            0, 
            0, 
            0, 
            0, 
            0, 
            0, 
            0, 
            0, 
            0, 
            48, 
            -32, 
            -48, 
            208, 
            -48, 
            192, 
            -192, 
            544, 
            -144, 
            -352, 
            0, 
            0, 
            0, 
            0, 
            0, 
            0, 
            0, 
            0, 
            0, 
            0, 
            416, 
            320, 
            176, 
            -368, 
            224, 
            -320, 
            96, 
            -80, 
            448, 
            -640, 
            0, 
            0, 
            0, 
            0, 
            0, 
            0, 
            0, 
            0, 
            0, 
            0
        ]
    }, 
    "axis_z": {
        "times": [
            0, 
            0, 
            0, 
            0, 
            1546686060.497434, 
            1546686060.545096, 
            1546686060.601158, 
            1546686060.710059, 
            1546686060.821221, 
            1546686060.929851, 
            0, 
            0, 
            0, 
            0, 
            0, 
            0, 
            0, 
            0, 
            0, 
            0, 
            1546686257.786647, 
            1546686257.833592, 
            1546686257.88135, 
            1546686257.928656, 
            1546686257.97501, 
            1546686258.022432, 
            1546686258.069548, 
            1546686258.116619, 
            1546686258.166079, 
            1546686258.214112, 
            0, 
            0, 
            0, 
            0, 
            0, 
            0, 
            0, 
            0, 
            0, 
            0, 
            1546686284.959283, 
            1546686285.007282, 
            1546686285.054582, 
            1546686285.101696, 
            1546686285.147777, 
            1546686285.195888, 
            1546686285.243246, 
            1546686285.290005, 
            1546686285.337649, 
            1546686285.384916, 
            0, 
            0, 
            0, 
            0, 
            0, 
            0, 
            0, 
            0, 
            0, 
            0
        ], 
        "values": [
            0, 
            0, 
            0, 
            0, 
            800, 
            1968, 
            672, 
            464, 
            1232, 
            848, 
            0, 
            0, 
            0, 
            0, 
            0, 
            0, 
            0, 
            0, 
            0, 
            0, 
            1808, 
            752, 
            1040, 
            1568, 
            640, 
            784, 
            608, 
            320, 
            528, 
            2208, 
            0, 
            0, 
            0, 
            0, 
            0, 
            0, 
            0, 
            0, 
            0, 
            0, 
            1008, 
            1168, 
            912, 
            272, 
            864, 
            1248, 
            720, 
            640, 
            1056, 
            1952, 
            0, 
            0, 
            0, 
            0, 
            0, 
            0, 
            0, 
            0, 
            0, 
            0
        ]
    }
}