{
    "axis_x": {
        "times": [
            0,
            0,
            0,
            0,
            0,
            1546686060.499932,
            1546686060.610461,
            1546686060.71954,
            1546686060.830876,
            1546686060.939104,
            0,
            0,
            0,
            0,
            0,
            0,
            0,
            0,
            0,
            0,
            1546686257.740319,
            1546686257.789524,
            1546686257.836929,
            1546686257.883841,
            1546686257.93116,
            1546686257.977502,
            1546686258.025221,
            1546686258.07241,
            1546686258.119191,
            1546686258.168826,
            0,
            0,
            0,
            0,
            0,
            0,
            0,
            0,
            0,
            0,
            1546686284.914845,
            1546686284.96196,
            1546686285.010356,
            1546686285.057537,
            1546686285.104311,
            1546686285.150546,
            1546686285.198478,
            1546686285.246266,
            1546686285.292839,
            1546686285.340299,
            0,
            0,
            0,
            0,
            0,
            0,
            0,
            0,
            0,
            0
        ],
        "values": [
            0,
            0,
            0,
            0,
            0,
            240,
            48,
            -112,
            176,
            192,
            0,
            0,
            0,
            0,
            0,
            0,
            0,
            0,
            0,
            0,
            192,
            240,
            448,
            16,
            416,
            304,
            304,
            480,
            496,
            224,
            0,
            0,
            0,
            0,
            0,
            0,
            0,
            0,
            0,
            0,
            400,
            448,
            192,
            224,
            32,
            112,
            336,
            352, 
            48,
            -176,
            0,
            0,
            0,
            0,
            0,
            0,
            0,
            0,
            0,
            0
        ]
    },
    "axis_y": {
        "times": [
            0,
            0,
            0,
            0,
            0,
            1546686060.501481,
            1546686060.611942,
            1546686060.721166,
            1546686060.83206,
            1546686060.940307,
            0,
            0,
            0,
            0,
            0,
            0,
            0,
            0,
            0,
            0,
            1546686257.74205,
            1546686257.790703,
            1546686257.838099,
            1546686257.885466,
            1546686257.932349,
            1546686257.978704,
            1546686258.026516,
            1546686258.073941,
            1546686258.120725,
            1546686258.170074,
            0,
            0,
            0,
            0,
            0,
            0,
            0,
            0,
            0,
            0,
            1546686284.916344,
            1546686284.963135,
            1546686285.011772,
            1546686285.058712,
            1546686285.105851,
            1546686285.151717,
            1546686285.199753,
            1546686285.247437,
            1546686285.294074,
            1546686285.341834,
            0,
            0,
            0,
            0,
            0,
            0,
            0,
            0,
            0,
            0
        ],
        "values": [
            0,
            0,
            0,
            0,
            0,
            -32,
            -32,
            -144,
            -208,
            -288,
            0,
            0,
            0,
            0,
            0,
            0,
            0,
            0,
            0,
            0,
            -96,
            -240,
            -272,
            -32,
            -208,
            -176,
            -336,
            -176,
            -80,
            -48,
            0,
            0,
            0,
            0,
            0,
            0,
            0,
            0,
            0,
            0,
            -16,
            -240,
            112,
            -128,
            -144,
            -192,
            -144,
            -208,
            -128,
            96,
            0,
            0,
            0,
            0,
            0,
            0,
            0,
            0,
            0,
            0
        ]
    },
    "axis_z": {
        "times": [
            0,
            0,
            0,
            0,
            0,
            1546686060.50266,
            1546686060.613197,
            1546686060.722408,
            1546686060.833263,
            1546686060.941497,
            0,
            0,
            0,
            0,
            0,
            0,
            0,
            0,
            0,
            0,
            1546686257.743249,
            1546686257.791885,
            1546686257.83928,
            1546686257.8867,
            1546686257.933587,
            1546686257.979892,
            1546686258.027982,
            1546686258.075114,
            1546686258.121965,
            1546686258.171239,
            0,
            0,
            0,
            0,
            0,
            0,
            0,
            0,
            0,
            0,
            1546686284.917523,
            1546686284.964652,
            1546686285.013456,
            1546686285.059899,
            1546686285.107032,
            1546686285.152954,
            1546686285.201405,
            1546686285.24861,
            1546686285.295264,
            1546686285.343014,
            0,
            0,
            0,
            0,
            0,
            0,
            0,
            0,
            0,
            0
        ],
        "values": [
            0,
            0,
            0,
            0,
            0,
            512,
            320,
            464,
            160,
            240,
            0,
            0,
            0,
            0,
            0,
            0,
            0,
            0,
            0,
            0,
            32,
            624,
            368,
            288,
            624,
            176,
            -256,
            32,
            544,
            320,
            0,
            0,
            0,
            0,
            0,
            0,
            0,
            0,
            0,
            0,
            192,
            560,
            16,
            432,
            656,
            -400,
            64,
            240,
            800,
            560,
            0,
            0,
            0,
            0,
            0,
            0,
            0,
            0,
            0,
            0
        ]
    }
}
