{
    "axis_x": {
        "times": [
            0, 
            0, 
            0, 
            0, 
            0, 
            1546686060.515186, 
            1546686060.646056, 
            1546686060.757595, 
            1546686060.866049, 
            1546686060.975401, 
            0, 
            0, 
            0, 
            0, 
            0, 
            0, 
            0, 
            0, 
            0, 
            0, 
            1546686257.757191, 
            1546686257.804729, 
            1546686257.852841, 
            1546686257.89999, 
            1546686257.945679, 
            1546686257.993584, 
            1546686258.041523, 
            1546686258.087954, 
            1546686258.135404, 
            1546686258.184943, 
            0, 
            0, 
            0, 
            0, 
            0, 
            0, 
            0, 
            0, 
            0, 
            0, 
            1546686284.930763, 
            1546686284.978288, 
            1546686285.026734, 
            1546686285.073209, 
            1546686285.12001, 
            1546686285.166259, 
            1546686285.214546, 
            1546686285.261473, 
            1546686285.308755, 
            1546686285.355619, 
            0, 
            0, 
            0, 
            0, 
            0, 
            0, 
            0, 
            0, 
            0, 
            0
        ], 
        "values": [
            0, 
            0, 
            0, 
            0, 
            0, 
            304, 
            400, 
            16, 
            384, 
            80, 
            0, 
            0, 
            0, 
            0, 
            0, 
            0, 
            0, 
            0, 
            0, 
            0, 
            192, 
            304, 
            320, 
            352, 
            112, 
            160, 
            208, 
            16, 
            160, 
            128, 
            0, 
            0, 
            0, 
            0, 
            0, 
            0, 
            0, 
            0, 
            0, 
            0, 
            368, 
            304, 
            16, 
            48, 
            400, 
            256, 
            -48, 
            384, 
            448, 
            192, 
            0, 
            0, 
            0, 
            0, 
            0, 
            0, 
            0, 
            0, 
            0, 
            0
        ]
    }, 
    "axis_y": {
        "times": [
            0, 
            0, 
            0, 
            0, 
            0, 
            1546686060.516723, 
            1546686060.647266, 
            1546686060.758792, 
            1546686060.867272, 
            1546686060.976672, 
            0, 
            0, 
            0, 
            0, 
            0, 
            0, 
            0, 
            0, 
            0, 
            0, 
            1546686257.758429, 
            1546686257.805961, 
            1546686257.854081, 
            1546686257.901647, 
            1546686257.946854, 
            1546686257.994757, 
            1546686258.042696, 
            1546686258.089837, 
            1546686258.13716, 
            1546686258.186121, 
            0, 
            0, 
            0, 
            0, 
            0, 
            0, 
            0, 
            0, 
            0, 
            0, 
            1546686284.931978, 
            1546686284.979765, 
            1546686285.027964, 
            1546686285.074389, 
            1546686285.121488, 
            1546686285.167677, 
            1546686285.215715, 
            1546686285.262642, 
            1546686285.309992, 
            1546686285.357202, 
            0, 
            0, 
            0, 
            0, 
            0, 
            0, 
            0, 
            0, 
            0, 
            0
        ], 
        "values": [
            0, 
            0, 
            0, 
            0, 
            0, 
            96, 
            -64, 
            -16, 
            -320, 
            240, 
            0, 
            0, 
            0, 
            0, 
            0, 
            0, 
            0, 
            0, 
            0, 
            0, 
            -96, 
            32, 
            -144, 
            -208, 
            192, 
            112, 
            -496, 
            96, 
            16, 
            80, 
            0, 
            0, 
            0, 
            0, 
            0, 
            0, 
            0, 
            0, 
            0, 
            0, 
            -192, 
            -464, 
            416, 
            0, 
            -112, 
            -160, 
            -160, 
            224, 
            240, 
            -64, 
            0, 
            0, 
            0, 
            0, 
            0, 
            0, 
            0, 
            0, 
            0, 
            0
        ]
    }, 
    "axis_z": {
        "times": [
            0, 
            0, 
            0, 
            0, 
            0, 
            1546686060.517969, 
            1546686060.648762, 
            1546686060.760005, 
            1546686060.86877, 
            1546686060.977872, 
            0, 
            0, 
            0, 
            0, 
            0, 
            0, 
            0, 
            0, 
            0, 
            0, 
            1546686257.759839, 
            1546686257.807137, 
            1546686257.855246, 
            1546686257.902822, 
            1546686257.948347, 
            1546686257.995926, 
            1546686258.043881, 
            1546686258.091071, 
            1546686258.138397, 
            1546686258.187307, 
            0, 
            0, 
            0, 
            0, 
            0, 
            0, 
            0, 
            0, 
            0, 
            0, 
            1546686284.933466, 
            1546686284.981165, 
            1546686285.029471, 
            1546686285.075555, 
            1546686285.122662, 
            1546686285.168919, 
            1546686285.216891, 
            1546686285.263828, 
            1546686285.311161, 
            1546686285.35844, 
            0, 
            0, 
            0, 
            0, 
            0, 
            0, 
            0, 
            0, 
            0, 
            0
        ], 
        "values": [
            0, 
            0, 
            0, 
            0, 
            0, 
            96, 
            144, 
            800, 
            544, 
            -272, 
            0, 
            0, 
            0, 
            0, 
            0, 
            0, 
            0, 
            0, 
            0, 
            0, 
            368, 
            -96, 
            480, 
            80, 
            -192, 
            352, 
            736, 
            64, 
            512, 
            304, 
            0, 
            0, 
            0, 
            0, 
            0, 
            0, 
            0, 
            0, 
            0, 
            0, 
            -32, 
            784, 
            -240, 
            720, 
            544, 
            208, 
            -64, 
            176, 
            192, 
            32, 
            0, 
            0, 
            0, 
            0, 
            0, 
            0, 
            0, 
            0, 
            0, 
            0
        ]
    }
}