{
    "axis_x": {
        "times": [
            0, 
            0, 
            0, 
            0, 
            0, 
            1546686060.509918, 
            1546686060.634237, 
            1546686060.745201, 
            1546686060.85443, 
            1546686060.963102, 
            0, 
            0, 
            0, 
            0, 
            0, 
            0, 
            0, 
            0, 
            0, 
            0, 
            1546686257.751646, 
            1546686257.799164, 
            1546686257.847372, 
            1546686257.894549, 
            1546686257.94087, 
            1546686257.987944, 
            1546686258.03576, 
            1546686258.082754, 
            1546686258.130415, 
            1546686258.179469, 
            0, 
            0, 
            0, 
            0, 
            0, 
            0, 
            0, 
            0, 
            0, 
            0, 
            1546686284.925618, 
            1546686284.972848, 
            1546686285.021574, 
            1546686285.067841, 
            1546686285.114768, 
            1546686285.160844, 
            1546686285.209523, 
            1546686285.255806, 
            1546686285.303151, 
            1546686285.350334, 
            0, 
            0, 
            0, 
            0, 
            0, 
            0, 
            0, 
            0, 
            0, 
            0
        ], 
        "values": [
            0, 
            0, 
            0, 
            0, 
            0, 
            -16, 
            240, 
            304, 
            -80, 
            -16, 
            0, 
            0, 
            0, 
            0, 
            0, 
            0, 
            0, 
            0, 
            0, 
            0, 
            -192, 
            -16, 
            -176, 
            -80, 
            48, 
            -32, 
            -64, 
            -48, 
            160, 
            -160, 
            0, 
            0, 
            0, 
            0, 
            0, 
            0, 
            0, 
            0, 
            0, 
            0, 
            -32, 
            -192, 
            32, 
            -48, 
            -144, 
            -208, 
            80, 
            -64, 
            208, 
            -32, 
            0, 
            0, 
            0, 
            0, 
            0, 
            0, 
            0, 
            0, 
            0, 
            0
        ]
    }, 
    "axis_y": {
        "times": [
            0, 
            0, 
            0, 
            0, 
            0, 
            1546686060.511109, 
            1546686060.635433, 
            1546686060.746441, 
            1546686060.855614, 
            1546686060.964656, 
            0, 
            0, 
            0, 
            0, 
            0, 
            0, 
            0, 
            0, 
            0, 
            0, 
            1546686257.752913, 
            1546686257.800698, 
            1546686257.848806, 
            1546686257.896013, 
            1546686257.942054, 
            1546686257.989774, 
            1546686258.037461, 
            1546686258.083922, 
            1546686258.131601, 
            1546686258.181053, 
            0, 
            0, 
            0, 
            0, 
            0, 
            0, 
            0, 
            0, 
            0, 
            0, 
            1546686284.926789, 
            1546686284.974091, 
            1546686285.022744, 
            1546686285.06946, 
            1546686285.115933, 
            1546686285.162083, 
            1546686285.2107, 
            1546686285.257346, 
            1546686285.304702, 
            1546686285.351506, 
            0, 
            0, 
            0, 
            0, 
            0, 
            0, 
            0, 
            0, 
            0, 
            0
        ], 
        "values": [
            0, 
            0, 
            0, 
            0, 
            0, 
            224, 
            80, 
            272, 
            32, 
            -64, 
            0, 
            0, 
            0, 
            0, 
            0, 
            0, 
            0, 
            0, 
            0, 
            0, 
            160, 
            224, 
            -16, 
            16, 
            -32, 
            -480, 
            32, 
            -112, 
            256, 
            176, 
            0, 
            0, 
            0, 
            0, 
            0, 
            0, 
            0, 
            0, 
            0, 
            0, 
            240, 
            -16, 
            240, 
            -64, 
            32, 
            -352, 
            -64, 
            176, 
            -16, 
            -224, 
            0, 
            0, 
            0, 
            0, 
            0, 
            0, 
            0, 
            0, 
            0, 
            0
        ]
    }, 
    "axis_z": {
        "times": [
            0, 
            0, 
            0, 
            0, 
            0, 
            1546686060.512636, 
            1546686060.636623, 
            1546686060.747863, 
            1546686060.856842, 
            1546686060.96584, 
            0, 
            0, 
            0, 
            0, 
            0, 
            0, 
            0, 
            0, 
            0, 
            0, 
            1546686257.754087, 
            1546686257.801889, 
            1546686257.850046, 
            1546686257.897427, 
            1546686257.943291, 
            1546686257.991074, 
            1546686258.038643, 
            1546686258.08546, 
            1546686258.132889, 
            1546686258.182287, 
            0, 
            0, 
            0, 
            0, 
            0, 
            0, 
            0, 
            0, 
            0, 
            0, 
            1546686284.927977, 
            1546686284.975272, 
            1546686285.023929, 
            1546686285.070639, 
            1546686285.117463, 
            1546686285.163261, 
            1546686285.211881, 
            1546686285.258547, 
            1546686285.305944, 
            1546686285.353077, 
            0, 
            0, 
            0, 
            0, 
            0, 
            0, 
            0, 
            0, 
            0, 
            0
        ], 
        "values": [
            0, 
            0, 
            0, 
            0, 
            0, 
            400, 
            512, 
            432, 
            864, 
            192, 
            0, 
            0, 
            0, 
            0, 
            0, 
            0, 
            0, 
            0, 
            0, 
            0, 
            -224, 
            448, 
            592, 
            352, 
            848, 
            624, 
            560, 
            464, 
            1216, 
            512, 
            0, 
            0, 
            0, 
            0, 
            0, 
            0, 
            0, 
            0, 
            0, 
            0, 
            976, 
            864, 
            640, 
            432, 
            624, 
            272, 
            224, 
            752, 
            304, 
            976, 
            0, 
            0, 
            0, 
            0, 
            0, 
            0, 
            0, 
            0, 
            0, 
            0
        ]
    }
}