{
    "axis_x": {
        "times": [
            0, 
            0, 
            0, 
            0, 
            0, 
            1546686060.505238, 
            1546686060.622602, 
            1546686060.7316, 
            1546686060.84251, 
            1546686060.950975, 
            0, 
            0, 
            0, 
            0, 
            0, 
            0, 
            0, 
            0, 
            0, 
            0, 
            1546686257.746261, 
            1546686257.794475, 
            1546686257.841917, 
            1546686257.889206, 
            1546686257.936018, 
            1546686257.982701, 
            1546686258.030716, 
            1546686258.077612, 
            1546686258.124824, 
            1546686258.17425, 
            0, 
            0, 
            0, 
            0, 
            0, 
            0, 
            0, 
            0, 
            0, 
            0, 
            1546686284.920354, 
            1546686284.967263, 
            1546686285.016037, 
            1546686285.062576, 
            1546686285.109603, 
            1546686285.155273, 
            1546686285.203924, 
            1546686285.251106, 
            1546686285.297921, 
            1546686285.345534, 
            0, 
            0, 
            0, 
            0, 
            0, 
            0, 
            0, 
            0, 
            0, 
            0
        ], 
        "values": [
            0, 
            0, 
            0, 
            0, 
            0, 
            -48, 
            -64, 
            -80, 
            -80, 
            224, 
            0, 
            0, 
            0, 
            0, 
            0, 
            0, 
            0, 
            0, 
            0, 
            0, 
            -16, 
            -64, 
            -224, 
            -16, 
            -16, 
            -96, 
            112, 
            -144, 
            176, 
            -64, 
            0, 
            0, 
            0, 
            0, 
            0, 
            0, 
            0, 
            0, 
            0, 
            0, 
            -16, 
            -80, 
            -224, 
            -192, 
            -160, 
            -16, 
            32, 
            80, 
            -128, 
            -96, 
            0, 
            0, 
            0, 
            0, 
            0, 
            0, 
            0, 
            0, 
            0, 
            0
        ]
    }, 
    "axis_y": {
        "times": [
            0, 
            0, 
            0, 
            0, 
            0, 
            1546686060.506415, 
            1546686060.623806, 
            1546686060.733259, 
            1546686060.843763, 
            1546686060.952598, 
            0, 
            0, 
            0, 
            0, 
            0, 
            0, 
            0, 
            0, 
            0, 
            0, 
            1546686257.747674, 
            1546686257.795645, 
            1546686257.843094, 
            1546686257.890377, 
            1546686257.93721, 
            1546686257.983869, 
            1546686258.031888, 
            1546686258.078782, 
            1546686258.126073, 
            1546686258.175671, 
            0, 
            0, 
            0, 
            0, 
            0, 
            0, 
            0, 
            0, 
            0, 
            0, 
            1546686284.92195, 
            1546686284.968775, 
            1546686285.0179, 
            1546686285.063745, 
            1546686285.110773, 
            1546686285.156768, 
            1546686285.205466, 
            1546686285.252285, 
            1546686285.299324, 
            1546686285.346702, 
            0, 
            0, 
            0, 
            0, 
            0, 
            0, 
            0, 
            0, 
            0, 
            0
        ], 
        "values": [
            0, 
            0, 
            0, 
            0, 
            0, 
            208, 
            -656, 
            -32, 
            -32, 
            80, 
            0, 
            0, 
            0, 
            0, 
            0, 
            0, 
            0, 
            0, 
            0, 
            0, 
            -32, 
            -16, 
            144, 
            -128, 
            -48, 
            -32, 
            -272, 
            -144, 
            -32, 
            -64, 
            0, 
            0, 
            0, 
            0, 
            0, 
            0, 
            0, 
            0, 
            0, 
            0, 
            -32, 
            -448, 
            -144, 
            32, 
            -272, 
            288, 
            240, 
            224, 
            -192, 
            -368, 
            0, 
            0, 
            0, 
            0, 
            0, 
            0, 
            0, 
            0, 
            0, 
            0
        ]
    }, 
    "axis_z": {
        "times": [
            0, 
            0, 
            0, 
            0, 
            0, 
            1546686060.507582, 
            1546686060.625131, 
            1546686060.734498, 
            1546686060.844966, 
            1546686060.953845, 
            0, 
            0, 
            0, 
            0, 
            0, 
            0, 
            0, 
            0, 
            0, 
            0, 
            1546686257.748923, 
            1546686257.796841, 
            1546686257.844837, 
            1546686257.891788, 
            1546686257.938381, 
            1546686257.985461, 
            1546686258.033108, 
            1546686258.079967, 
            1546686258.12725, 
            1546686258.176916, 
            0, 
            0, 
            0, 
            0, 
            0, 
            0, 
            0, 
            0, 
            0, 
            0, 
            1546686284.923125, 
            1546686284.970016, 
            1546686285.019079, 
            1546686285.065359, 
            1546686285.111953, 
            1546686285.158005, 
            1546686285.206641, 
            1546686285.253464, 
            1546686285.300638, 
            1546686285.347884, 
            0, 
            0, 
            0, 
            0, 
            0, 
            0, 
            0, 
            0, 
            0, 
            0
        ], 
        "values": [
            0, 
            0, 
            0, 
            0, 
            0, 
            656, 
            512, 
            784, 
            528, 
            576, 
            0, 
            0, 
            0, 
            0, 
            0, 
            0, 
            0, 
            0, 
            0, 
            0, 
            976, 
            384, 
            576, 
            768, 
            512, 
            656, 
            592, 
            272, 
            704, 
            960, 
            0, 
            0, 
            0, 
            0, 
            0, 
            0, 
            0, 
            0, 
            0, 
            0, 
            1104, 
            320, 
            784, 
            960, 
            960, 
            816, 
            992, 
            1152, 
            752, 
            1088, 
            0, 
            0, 
            0, 
            0, 
            0, 
            0, 
            0, 
            0, 
            0, 
            0
        ]
    }
}