{
    "axis_x": {
        "times": [
            1562658478.2691457,
            1562658478.3143957,
            1562658478.357908,
            1562658478.4008539,
            1562658478.4461167,
            1562658478.4901922,
            1562658478.5027275,
            1562658478.555102,
            1562658478.6086814,
            1562658478.6598153,
            0,
            0,
            0,
            0,
            0,
            0,
            0,
            0,
            0,
            0
        ],
        "values": [
            464,
            352,
            224,
            160,
            208,
            -752,
            624,
            224,
            304,
            176,
            0,
            0,
            0,
            0,
            0,
            0,
            0,
            0,
            0,
            0
        ]
    },
    "axis_y": {
        "times": [
            1562658478.27034,
            1562658478.316282,
            1562658478.3590965,
            1562658478.4020422,
            1562658478.4473295,
            1562658478.4914348,
            1562658478.5042455,
            1562658478.5566113,
            1562658478.6098797,
            1562658478.66138,
            0,
            0,
            0,
            0,
            0,
            0,
            0,
            0,
            0,
            0
        ],
        "values": [
            -288,
            -176,
            160,
            176,
            -160,
            48,
            -560,
            240,
            -288,
            -48,
            0,
            0,
            0,
            0,
            0,
            0,
            0,
            0,
            0,
            0
        ]
    },
    "axis_z": {
        "times": [
            1562658478.271842,
            1562658478.3175285,
            1562658478.3602927,
            1562658478.403768,
            1562658478.4488418,
            1562658478.4929943,
            1562658478.5055287,
            1562658478.5578597,
            1562658478.6110597,
            1562658478.6625705,
            0,
            0,
            0,
            0,
            0,
            0,
            0,
            0,
            0,
            0
        ],
        "values": [
            624,
            608,
            944,
            832,
            688,
            3472,
            1136,
            864,
            864,
            816,
            0,
            0,
            0,
            0,
            0,
            0,
            0,
            0,
            0,
            0
        ]
    }
}Thank you for connecting